,BC,DUST,NO3,POA,SO4,SOA,SALT
1850,0.124095,35.0007,nan,2.65951,1.40437,nan,12.8
2000,0.293109,35.3088,nan,3.46554,3.12389,nan,12.8
