,BC,DUST,NO3,POA,SO4,SOA,SALT
1850,0.0371514,13.2294,nan,0.717569,1.09085,nan,3.401
2000,0.11094,14.9459,nan,1.17623,2.22275,nan,3.38454
