,BC,DUST,NO3,POA,SO4,SOA,SALT
1850,0.0573619,13.8818,nan,0.861867,0.507523,nan,17.2485
2000,0.147374,13.8581,nan,1.18385,1.86531,nan,17.392
